texts,labels
this painfully unfunny farce traffics in tired stereotypes and encumbers itself with complications ... that have no bearing on the story ,0
leaves you scratching your head in amazement over the fact that so many talented people could participate in such an ,0
"strolls through this mess with a smug grin , inexplicably wearing a kilt and carrying a bag of golf clubs over one shoulder ",0
"provides the kind of ` laugh therapy ' i need from movie comedies -- offbeat humor , amusing characters , and a happy ending . ",1
", nor are the uneven performances by the cast members , who seem bound and determined to duplicate bela lugosi 's now-cliched vampire accent . ",0
"gives the neighborhood -- scenery , vibe and all -- the cinematic equivalent of a big , tender hug . ",1
"( fiji diver rusi vulakoro and the married couple howard and michelle hall ) show us the world they love and make us love it , too . ",1
"cassavetes thinks he 's making dog day afternoon with a cause , but all he 's done is to reduce everything he touches to a shrill , didactic cartoon . ",0
"of the gay community as an all-inclusive world where uptight , middle class bores like antonia can feel good about themselves ",0
be a toss-up between presiding over the end of cinema as we know it and another night of delightful hand shadows ,0
"take a rocket scientist to figure out that this is a mormon family movie , and a sappy , preachy one at that ",0
of monster truck-loving good ol' boys and peroxide blond honeys whose worldly knowledge comes from tv reruns and supermarket tabloids ,0
"fontaine 's direction , especially her agreeably startling use of close-ups and her grace with a moving camera , creates sheerly cinematic appeal . ",1
", the seesawing of the general 's fate in the arguments of competing lawyers has the stomach-knotting suspense of a legal thriller , while the testimony of witnesses lends the film a resonant undertone of tragedy . ",1
", spy kids 2 looks as if it were made by a highly gifted 12-year-old instead of a grown man . ",0
the work of a filmmaker who has secrets buried at the heart of his story and knows how to take time revealing them . ,1
"has far more energy , wit and warmth than should be expected from any movie with a `` 2 '' at the end of its title . ",1
"as much as i laughed throughout the movie , i can not mount a cogent defense of the film as entertainment , or even performance art , although the movie does leave you marveling at these guys ' superhuman capacity to withstand pain . ",1
"it 's hard to care about a film that proposes as epic tragedy the plight of a callow rich boy who is forced to choose between his beautiful , self-satisfied 22-year-old girlfriend and an equally beautiful , self-satisfied 18-year-old mistress . ",0
"and it sees those relationships , including that between the son and his wife , and the wife and the father , and between the two brothers , with incredible subtlety and acumen . ",1
straining to get by on humor that is not even as daring as john ritter 's glory days on three 's company . ,0
"the new film is a subzero version of monsters , inc. , without the latter 's imagination , visual charm or texture . ",0
"on digital video , whose tiny camera enables shafer to navigate spaces both large ... and small ... with considerable aplomb ",1
the sensational true-crime hell-jaunt purists might like and more experimental in its storytelling ( though no less horrifying for it ) . ,1
made nature film and a tribute to a woman whose passion for this region and its inhabitants still shines in her quiet blue eyes ,1
"thing to do with these characters except have them run through dark tunnels , fight off various anonymous attackers , and evade elaborate surveillance technologies ",0
"this cinema verite speculation on the assassination of john f. kennedy may have been inspired by blair witch , but it takes its techniques into such fresh territory that the film never feels derivative . ",1
"reminds us that , in any language , the huge stuff in life can usually be traced back to the little things . ",1
"sticks , really , except a lingering creepiness one feels from being dragged through a sad , sordid universe of guns , drugs , avarice and damaged dreams . ",0
"plays like a badly edited , 91-minute trailer ( and ) the director ca n't seem to get a coherent rhythm going ",0
"it winds up moving in many directions as it searches ( vainly , i think ) for something fresh to say . ",0
mib ii is a movie that makes it possible for the viewer to doze off for a few minutes or make several runs to the concession stand and/or restroom and not feel as if he or she has missed anything . ,0
hard-won rewards over the bombastic self-glorification of other feel-good fiascos like antwone fisher or the emperor 's club any time ,1
"a whole lot of fun and funny in the middle , though somewhat less hard-hitting at the start and finish . ",1
"it 's mildly interesting to ponder the peculiar american style of justice that plays out here , but it 's so muddled and derivative that few will bother thinking it all through ",0
", it 's also a -- dare i say it twice -- delightfully charming -- and totally american , i might add -- slice of comedic bliss . ",1
"a character faced with the possibility that her life is meaningless , vapid and devoid of substance , in a movie that is definitely meaningless , vapid and devoid of substance . ",0
"drumline ' shows a level of young , black manhood that is funny , touching , smart and complicated . ",1
"nohe has made a decent ` intro ' documentary , but he feels like a spectator and not a participant ",0
to see a movie that embraces its old-fashioned themes and in the process comes out looking like something wholly original ,1
limited and so embellished by editing that there 's really not much of a sense of action or even action-comedy ,0
"boldly stroked , luridly colored , uni-dimensional nonsense machine that strokes the eyeballs while it evaporates like so much crypt mist in the brain . ",0
"the filmmakers are playing to the big boys in new york and l.a. to that end , they mock the kind of folks they do n't understand , ones they figure the power-lunchers do n't care to understand , either . ",0
"is surely one of the most frantic , virulent and foul-natured christmas season pics ever delivered by a hollywood studio ",0
"bolstered by an astonishing voice cast ( excepting love hewitt ) , an interesting racial tension , and a storyline that i have n't encountered since at least pete 's dragon . ",1
"through putrid writing , direction and timing with a smile that says , ` if i stay positive , maybe i can channel one of my greatest pictures , drunken master . ' ",0
"which lags badly in the middle and lurches between not-very-funny comedy , unconvincing dramatics and some last-minute action strongly reminiscent of run lola run ",0
"one of recent memory 's most thoughtful films about art , ethics , and the cost of moral compromise . ",1
"a dashing and resourceful hero ; a lisping , reptilian villain ; big fights ; big hair ; lavish period scenery ; and ",1
"anyone who suffers through this film deserves , at the very least , a big box of consolation candy . ",0
"manages for but a few seconds over its seemingly eternal running time to pique your interest , your imagination , your empathy or anything , really , save your disgust and your indifference ",0
wonder why paul thomas anderson ever had the inclination to make the most sincere and artful movie in which adam sandler will probably ever appear ,1
abandon spends 90 minutes trying figure out whether or not some cocky pseudo-intellectual kid has intentionally left college or was killed . ,0
"hoffman waits too long to turn his movie in an unexpected direction , and even then his tone retains a genteel , prep-school quality that feels dusty and leatherbound . ",0
an older cad instructs a younger lad in zen and the art of getting laid in this prickly indie comedy of manners and misanthropy . ,1
"... less a story than an inexplicable nightmare , right down to the population 's shrugging acceptance to each new horror . ",0
"whenever you think you 've seen the end of the movie , we cut to a new scene , which also appears to be the end . ",0
"while the production details are lavish , film has little insight into the historical period and its artists , particularly in how sand developed a notorious reputation . ",0
"because the intelligence level of the characters must be low , very low , very very low , for the masquerade to work , the movie contains no wit , only labored gags . ",0
"ride for the kiddies , with enough eye candy and cheeky wit to keep parents away from the concession stand . ",1
it treats ana 's journey with honesty that is tragically rare in the depiction of young women in film . ,1
"showtime is n't particularly assaultive , but it can still make you feel that you never want to see another car chase , explosion or gunfight again ",0
"a timely , tongue-in-cheek profile of the corporate circus that is the recording industry in the current climate of mergers and downsizing ",1
to the fore for the gifted but no-nonsense human beings they are and for the still-inestimable contribution they have made to our shared history ,1
"schepisi , aided by a cast that seems to include every top-notch british actor who did not appear in gosford park ( as well as one , ms. mirren , who did ) , has succeeded beyond all expectation . ",1
"as those monologues stretch on and on , you realize there 's no place for this story to go but down ",0
"singing and finger snapping it might have held my attention , but as it stands i kept looking for the last exit from brooklyn . ",0
"see an artist , still committed to growth in his ninth decade , change while remaining true to his principles ",1
is one of the rarest kinds of films : a family-oriented non-disney film that is actually funny without hitting below the belt . ,1
"the saigon of 1952 is an uneasy mix of sensual delights and simmering violence , and the quiet american brings us right into the center of that world . ",1
will you feel after an 88-minute rip-off of the rock with action confined to slo-mo gun firing and random glass-shattering ? ,0
"hollywood has crafted a solid formula for successful animated movies , and ice age only improves on it , with terrific computer graphics , inventive action sequences and a droll sense of humor ",1
"an accuracy of observation in the work of the director , frank novak , that keeps the film grounded in an undeniable social realism ",1
has been lost in the translation ... another routine hollywood frightfest in which the slack execution italicizes the absurdity of the premise . ,0
that haynes can both maintain and dismantle the facades that his genre and his character construct is a wonderous accomplishment of veracity and narrative grace . ,1
"a very well-meaning movie , and it will stand in future years as an eloquent memorial to the world trade center tragedy . ",1
"a little uneven to be the cat 's meow , but it 's good enough to be the purr . ",1
"business notable largely for its overwhelming creepiness , for an eagerness to create images you wish you had n't seen ",0
"was when green threw medical equipment at a window ; not because it was particularly funny , but because i had a serious urge to grab the old lady at the end of my aisle 's walker and toss it at the screen in frustration ",0
"after only three films , director/co-writer jacques audiard , though little known in this country , belongs in the very top rank of french filmmakers ",1
"there 's not enough substance here to sustain interest for the full 90 minutes , especially with the weak payoff ",0
"'s a sweet , laugh-a-minute crowd pleaser that lifts your spirits as well as the corners of your mouth . ",1
"the film never recovers from the clumsy cliché of the ugly american abroad , and the too-frosty exterior ms. paltrow employs to authenticate her british persona is another liability . ",0
", serves as a paper skeleton for some very good acting , dialogue , comedy , direction and especially charm . ",1
"it 's a setup so easy it borders on facile , but keeping the film from cheap-shot mediocrity is its crack cast . ",1
"thriller remarkable only for its lack of logic and misuse of two fine actors , morgan freeman and ashley judd . ",0
it 's as if a bored cage spent the duration of the film 's shooting schedule waiting to scream : `` got aids yet ? '' ,0
"a rip-off twice removed , modeled after ( seagal 's ) earlier copycat under siege , sometimes referred to as die hard on a boat . ",0
"metaphors abound , but it is easy to take this film at face value and enjoy its slightly humorous and tender story . ",1
it 's so devoid of joy and energy it makes even jason x ... look positively shakesperean by comparison . ,0
"fessenden has nurtured his metaphors at the expense of his narrative , but he does display an original talent . ",1
's better than one might expect when you look at the list of movies starring ice-t in a major role . ,1
"as immediate as the latest news footage from gaza and , because of its heightened , well-shaped dramas , twice as powerful ",1
"might have been saved if the director , tom dey , had spliced together bits and pieces of midnight run and 48 hours ( and , for that matter , shrek ) ",0
a sobering and powerful documentary about the most severe kind of personal loss : rejection by one 's mother . ,1
"armed with a game supporting cast , from the pitch-perfect forster to the always hilarious meara and levy , like mike shoots and scores , doing its namesake proud ",1
", harvard man is something rare and riveting : a wild ride that relies on more than special effects . ",1
"ca n't begin to tell you how tedious , how resolutely unamusing , how thoroughly unrewarding all of this is , and what a reckless squandering of four fine acting talents ... ",0
is it possible for a documentary to be utterly entranced by its subject and still show virtually no understanding of it ,0
"unlike most anime , whose most ardent fans outside japan seem to be introverted young men with fantasy fetishes , metropolis never seems hopelessly juvenile . ",1
"it jumps around with little logic or continuity , presenting backstage bytes of information that never amount to a satisfying complete picture of this particular , anciently demanding métier . ",0
"`` real women have curves '' is a sweet , honest , and enjoyable comedy-drama about a young woman who wants many things in life , but fears she 'll become her mother before she gets to fulfill her dreams . ",1
"van wilder has a built-in audience , but only among those who are drying out from spring break and are still unconcerned about what they ingest . ",0
content with a clever pseudo-bio that manages to have a good time as it doles out pieces of the famous director 's life ,1
"the film is moody , oozing , chilling and heart-warming all at once ... a twisting , unpredictable , cat-and-mouse thriller . ",1
criminal conspiracies and true romances move so easily across racial and cultural lines in the film that it makes my big fat greek wedding look like an apartheid drama . ,1
"what 's surprising about this traditional thriller , moderately successful but not completely satisfying , is exactly how genteel and unsurprising the execution turns out to be . ",1
"it 's enough to watch huppert scheming , with her small , intelligent eyes as steady as any noir villain , and to enjoy the perfectly pitched web of tension that chabrol spins . ",1
"each story is built on a potentially interesting idea , but the first two are ruined by amateurish writing and acting , while the third feels limited by its short running time ",0
"cuts to the core of what it actually means to face your fears , to be a girl in a world of boys , to be a boy truly in love with a girl , and to ride the big metaphorical wave that is life -- wherever it takes you ",1
"the film does n't have enough innovation or pizazz to attract teenagers , and it lacks the novel charm that made spy kids a surprising winner with both adults and younger audiences ",0
'' has the right stuff for silly summer entertainment and has enough laughs to sustain interest to the end . ,1
"lisa rinzler 's cinematography may be lovely , but love liza 's tale itself virtually collapses into an inhalant blackout , maintaining consciousness just long enough to achieve callow pretension . ",0
"be forewarned , if you 're depressed about anything before watching this film , you may just end up trying to drown yourself in a lake afterwards . ",0
are limited and so embellished by editing that there 's really not much of a sense of action or even action-comedy . ,0
at once overly old-fashioned in its sudsy plotting and heavy-handed in its effort to modernize it with encomia to diversity and tolerance . ,0
the movie is like scorsese 's mean streets redone by someone who ignored it in favor of old ` juvenile delinquent ' paperbacks with titles like leather warriors and switchblade sexpot . ,0
the film is also imbued with strong themes of familial ties and spirituality that are powerful and moving without stooping to base melodrama ,1
"stealing harvard is too busy getting in its own way to be anything but frustrating , boring , and forgettable ",0
"an incredibly layered and stylistic film that , despite a fairly slow paced , almost humdrum approach to character development , still manages at least a decent attempt at meaningful cinema ",1
"the art direction is often exquisite , and the anthropomorphic animal characters are beautifully realized through clever makeup design , leaving one to hope that the eventual dvd release will offer subtitles and the original italian-language soundtrack ",1
"are so few films about the plight of american indians in modern america that skins comes as a welcome , if downbeat , missive from a forgotten front ",1
"in an era where big stars and high production values are standard procedure , narc strikes a defiantly retro chord , and outpaces its contemporaries with daring and verve . ",1
"a rather brilliant little cult item : a pastiche of children 's entertainment , superhero comics , and japanese animation . ",1
"there are flaws , but also stretches of impact and moments of awe ; we 're wrapped up in the characters , how they make their choices , and why . ",1
exploitative and largely devoid of the depth or sophistication that would make watching such a graphic treatment of the crimes bearable . ,0
"can never escape the heart of the boy when the right movie comes along , especially if it begins with the name of star wars ",1
"the otherwise good-naturedness of mr. deeds , with its embrace of sheer goofiness and cameos of less - than-likely new york celebrities ",1
if you 're a fan of the series you 'll love it and probably want to see it twice . ,1
"it made me feel unclean , and i 'm the guy who liked there 's something about mary and both american pie movies . ",0
"is about the people who live in them , who have carved their own comfortable niche in the world and have been kind enough to share it ",1
"is moody , oozing , chilling and heart-warming all at once ... a twisting , unpredictable , cat-and-mouse thriller . ",1
"the narrator and the other characters try to convince us that acting transfigures esther , but she 's never seen speaking on stage ; one feels cheated , and esther seems to remain an unchanged dullard . ",0
"the recording sessions are intriguing , and -- on the way to striking a blow for artistic integrity -- this quality band may pick up new admirers ",1
"two young women whose lives were as claustrophic , suffocating and chilly as the attics to which they were inevitably consigned ",0
"there is a welcome lack of pretension about the film , which very simply sets out to entertain and ends up delivering in good measure . ",1
"as satisfyingly odd and intriguing a tale as it was a century and a half ago ... has a delightfully dour , deadpan tone and stylistic consistency . ",1
be viewed and treasured for its extraordinary intelligence and originality as well as its lyrical variations on the game of love ,1
"captivates as it shows excess in business and pleasure , allowing us to find the small , human moments , and leaving off with a grand whimper . ",1
"like coming into a long-running , well-written television series where you 've missed the first half-dozen episodes and probably wo n't see the next six . ",0
"in his latest effort , storytelling , solondz has finally made a movie that is n't just offensive -- it also happens to be good ",1
"to a love story risks trivializing it , though chouraqui no doubt intended the film to affirm love 's power to help people endure almost unimaginable horror . ",1
the screenwriters dig themselves in deeper every time they toss logic and science into what is essentially a `` dungeons and dragons '' fantasy with modern military weaponry ... ,0
"like sitting in a downtown café , overhearing a bunch of typical late-twenty-somethings natter on about nothing , and desperately wishing you could change tables ",0
of cliches that shoplifts shamelessly from farewell-to-innocence movies like the wanderers and a bronx tale without cribbing any of their intelligence ,0
"mckay seems embarrassed by his own invention and tries to rush through the intermediary passages , apparently hoping that the audience will not notice the glaring triteness of the plot device he has put in service . ",0
"got some good , organic character work , lots of obvious political insights and little room for engaging , imaginative filmmaking in its nearly 2 1/2 - hour , dissipated length . ",1
"'s the perfect star vehicle for grant , allowing him to finally move away from his usual bumbling , tongue-tied screen persona . ",1
is absolutely and completely ridiculous and an insult to every family whose mother has suffered through the horrible pains of a death by cancer ,0
"quite frankly , i ca n't see why any actor of talent would ever work in a mcculloch production again if they looked at how this movie turned out . ",0
in milking a played-out idea -- a straight guy has to dress up in drag -- that shockingly manages to be even worse than its title ,0
", spirit 's visual imagination reminds you of why animation is such a perfect medium for children , because of the way it allows the mind to enter and accept another world . ",1
deep into the girls ' confusion and pain as they struggle tragically to comprehend the chasm of knowledge that 's opened between them ,0
"the film is filled with humorous observations about the general absurdity of modern life as seen through the eyes outsiders , but deftly manages to avoid many of the condescending stereotypes that so often plague films dealing with the mentally ill ",1
"insomnia is one of the year 's best films and pacino gives one of his most daring , and complicated , performances . ",1
"if you can read the subtitles ( the opera is sung in italian ) and you like ` masterpiece theatre ' type costumes , you 'll enjoy this movie . ",1
"filmmakers dana janklowicz-mann and amir mann area headed east , far east , in retelling a historically significant , and personal , episode detailing how one international city welcomed tens of thousands of german jewish refugees while the world 's democracie ",1
"the actors are simply too good , and the story too intriguing , for technical flaws to get in the way . ",1
"attal 's hang-ups surrounding infidelity are so old-fashioned and , dare i say , outdated , it 's a wonder that he could n't have brought something fresher to the proceedings simply by accident ",0
that would have been funnier if the director had released the outtakes theatrically and used the film as a bonus feature on the dvd ,0
"is without doubt an artist of uncompromising vision , but that vision is beginning to feel , if not morally bankrupt , at least terribly monotonous ",0
taken the protagonists a full hour to determine that in order to kill a zombie you must shoot it in the head ,0
"berling and béart ... continue to impress , and isabelle huppert ... again shows uncanny skill in getting under the skin of her characters . ",1
"thought i heard a mysterious voice , and felt myself powerfully drawn toward the light -- the light of the exit sign ",0
", harry potter and the chamber of secrets finds a way to make j.k. rowling 's marvelous series into a deadly bore . ",0
perfect family film to take everyone to since there 's no new `` a christmas carol '' out in the theaters this year ,1
such an incomprehensible mess that it feels less like bad cinema than like being stuck in a dark pit having a nightmare about bad cinema . ,0
"bigelow handles the nuclear crisis sequences evenly but milks drama when she should be building suspense , and drags out too many scenes toward the end that should move quickly . ",0
", we get a stab at soccer hooliganism , a double-barreled rip-off of quentin tarantino 's climactic shootout -- and meat loaf explodes . ",0
befuddled in its characterizations as it begins to seem as long as the two year affair which is its subject ,0
is almost certainly going to go down as the worst -- and only -- killer website movie of this or any other year ,0
has made a movie that will leave you wondering about the characters ' lives after the clever credits roll . ,1
needs more impressionistic cinematography and exhilarating point-of-view shots and fewer slow-motion ` grandeur ' shots and quick-cut edits that often detract from the athleticism . ,0
"i had a dream that a smart comedy would come along to rescue me from a summer of teen-driven , toilet-humor codswallop ",1
"just when you think you are making sense of it , something happens that tells you there is no sense . ",0
stays close to the ground in a spare and simple manner and does n't pummel us with phony imagery or music ,1
playfully profound ... and crazier than michael jackson on the top floor of a skyscraper nursery surrounded by open windows . ,1
"like most of jaglom 's films , some of it is honestly affecting , but more of it seems contrived and secondhand . ",0
"will revel in those visual in-jokes , as in the film 's verbal pokes at everything from the likes of miramax chief harvey weinstein 's bluff personal style to the stylistic rigors of denmark 's dogma movement ",1
"all the sensuality , all the eroticism of a good vampire tale has been , pardon the pun , sucked out and replaced by goth goofiness . ",0
the transporter bombards the viewer with so many explosions and side snap kicks that it ends up being surprisingly dull . ,0
pap invested in undergraduate doubling subtexts and ridiculous stabs at existentialism reminding of the discovery of the wizard of god in the fifth trek flick . ,0
", the film is doing something of a public service -- shedding light on a group of extremely talented musicians who might otherwise go unnoticed and underappreciated by music fans . ",1
that it 's also too stupid to realize that they 've already seen this exact same movie a hundred times ,0
"director george hickenlooper has had some success with documentaries , but here his sense of story and his juvenile camera movements smack of a film school undergrad , and his maudlin ending might not have gotten him into film school in the first place ",0
"birot creates a drama with such a well-defined sense of place and age -- as in , 15 years old -- that the torments and angst become almost as operatic to us as they are to her characters . ",1
so packed with subplots involving the various silbersteins that it feels more like the pilot episode of a tv series than a feature film ,0
"beneath the uncanny , inevitable and seemingly shrewd facade of movie-biz farce ... lies a plot cobbled together from largely flat and uncreative moments . ",0
"has all the trappings of an energetic , extreme-sports adventure , but ends up more of a creaky `` pretty woman '' retread , with the emphasis on self-empowering schmaltz and big-wave surfing that gives pic its title an afterthought . ",0
"it is ok for a movie to be something of a sitcom apparatus , if the lines work , the humor has point ",1
"usurp the preaching message so that , by the time the credits roll across the pat ending , a warm , fuzzy feeling prevails ",1
"is reasonably entertaining , though it begins to drag two-thirds through , when the melodramatic aspects start to overtake the comedy . ",1
is an honestly nice little film that takes us on an examination of young adult life in urban south korea through the hearts and minds of the five principals . ,1
"its story about a young chinese woman , ah na , who has come to new york city to replace past tragedy with the american dream is one that any art-house moviegoer is likely to find compelling . ",1
looks and plays like a $ 40 million version of a game you 're more likely to enjoy on a computer ,0
"in death to smoochy , we do n't get williams ' usual tear and a smile , just sneers and bile , and the spectacle is nothing short of refreshing . ",1
a bold ( and lovely ) experiment that will almost certainly bore most audiences into their own brightly colored dreams . ,1
's a fairy tale that comes from a renowned indian film culture that allows americans to finally revel in its splendor . ,1
"spider-man is about growing strange hairs , getting a more mature body , and finding it necessary to hide new secretions from the parental units . ",0
"at times a bit melodramatic and even a little dated ( depending upon where you live ) , ignorant fairies is still quite good-natured and not a bad way to spend an hour or two . ",1
"peppering this urban study with references to norwegian folktales , villeneuve creates in maelstrom a world where the bizarre is credible and the real turns magical . ",1
"that brown played in american culture as an athlete , a movie star , and an image of black indomitability ",1
you can not guess why the cast and crew did n't sign a pact to burn the negative and the script and pretend the whole thing never existed . ,0
"'s clear why deuces wild , which was shot two years ago , has been gathering dust on mgm 's shelf . ",0
"see this , the final part of the ` qatsi ' trilogy , directed by godfrey reggio , with music ",1
"a journey spanning nearly three decades of bittersweet camaraderie and history , in which we feel that we truly know what makes holly and marina tick , ",1
mixed up together like a term paper from a kid who ca n't quite distinguish one sci-fi work from another ,0
is really closer to porn than a serious critique of what 's wrong with this increasingly pervasive aspect of gay culture . ,0
"a plotline that 's as lumpy as two-day old porridge ... the filmmakers ' paws , sad to say , were all over this `` un-bear-able '' project ! ",0
"stale first act , scrooge story , blatant product placement , some very good comedic songs , strong finish , dumb fart jokes . ",0
"'s a testament to de niro and director michael caton-jones that by movie 's end , we accept the characters and the film , flaws and all ",1
"to filming the teeming life on the reefs , making this gorgeous film a must for everyone from junior scientists to grown-up fish lovers ",1
"a remarkably cohesive whole , both visually and thematically , through their consistently sensitive and often exciting treatment of an ignored people ",1
"is a paper bag to wear over his head when he goes out into public , to avoid being recognized as the man who bilked unsuspecting moviegoers . ",0
"comes not from any cinematic razzle-dazzle but from its recovery of an historical episode that , in the simple telling , proves simultaneously harrowing and uplifting ",1
remains a loosely tied series of vignettes which only prove that ` zany ' does n't necessarily mean ` funny . ' ,0
"when not wallowing in its characters ' frustrations , the movie is busy contriving false , sitcom-worthy solutions to their problems . ",0
"a fiercely clever and subtle film , capturing the precarious balance between the extravagant confidence of the exiled aristocracy and the cruel earnestness of the victorious revolutionaries ",1
the santa clause 2 's plot may sound like it was co-written by mattel executives and lobbyists for the tinsel industry . ,0
"his ( nelson 's ) screenplay needs some serious re-working to show more of the dilemma , rather than have his characters stage shouting matches about it . ",0
the darker elements of misogyny and unprovoked violence suffocate the illumination created by the two daughters and the sparse instances of humor meant to shine through the gloomy film noir veil . ,0
is hindered by a central plot that 's peppered with false starts and populated by characters who are nearly impossible to care about ,0
you 're convinced that this mean machine was a decent tv outing that just does n't have big screen magic . ,0
of advocacy cinema that carries you along in a torrent of emotion as it explores the awful complications of one terrifying day ,1
"it 's all arty and jazzy and people sit and stare and turn away from one another instead of talking and it 's all about the silences and if you 're into that , have at it ",0
to be viewed and treasured for its extraordinary intelligence and originality as well as its lyrical variations on the game of love ,1
ai n't - she-cute baggage into her lead role as a troubled and determined homicide cop to quite pull off the heavy stuff ,0
"like a ruse , a tactic to cover up the fact that the picture is constructed around a core of flimsy -- or , worse yet , nonexistent -- ideas ",0
"director elie chouraqui , who co-wrote the script , catches the chaotic horror of war , but why bother if you 're going to subjugate truth to the tear-jerking demands of soap opera ? ",0
"wo n't be placed in the pantheon of the best of the swashbucklers but it is a whole lot of fun and you get to see the one of the world 's best actors , daniel auteuil , ",1
"more of a creaky `` pretty woman '' retread , with the emphasis on self-empowering schmaltz and big-wave surfing that gives pic its title an afterthought ",0
"the story is a rather simplistic one : grief drives her , love drives him , and a second chance to find love in the most unlikely place - it struck a chord in me ",1
"marvelously compelling is present brown as a catalyst for the struggle of black manhood in restrictive and chaotic america ... sketchy but nevertheless gripping portrait of jim brown , a celebrated wonder in the spotlight ",1
it 's notably better acted -- and far less crass - than some other recent efforts in the burgeoning genre of films about black urban professionals ,1
"its soul 's - eye view of how well-meaning patronizing masked a social injustice , at least as represented by this case ",1
anchored by splendid performances from an honored screen veteran and a sparkling newcomer who instantly transform themselves into a believable mother/daughter pair ,1
"mr. wollter and ms. seldhal give strong and convincing performances , but neither reaches into the deepest recesses of the character to unearth the quaking essence of passion , grief and fear ",1
"this humbling little film , fueled by the light comedic work of zhao benshan and the delicate ways of dong jie , is just the sort for those moviegoers who complain that ` they do n't make movies like they used to anymore . ' ",1
"it 's as if solondz had two ideas for two movies , could n't really figure out how to flesh either out , ",0
"mr. deeds is sure to give you a lot of laughs in this simple , sweet and romantic comedy . ",1
have been funnier if the director had released the outtakes theatrically and used the film as a bonus feature on the dvd ,0
"for those for whom the name woody allen was once a guarantee of something fresh , sometimes funny , and usually genuinely worthwhile , hollywood ending is a depressing experience ",0
about an artist of 90-plus years taking the effort to share his impressions of life and loss and time and art with us ,1
those reputedly `` unfilmable '' novels that has bucked the odds to emerge as an exquisite motion picture in its own right ,1
"painful to watch witherspoon 's talents wasting away inside unnecessary films like legally blonde and sweet home abomination , i mean , alabama ",0
takes us on an examination of young adult life in urban south korea through the hearts and minds of the five principals ,1
"a wishy-washy melodramatic movie that shows us plenty of sturm und drung , but explains its characters ' decisions only unsatisfactorily . ",0
"sounding like arnold schwarzenegger , with a physique to match , ( ahola ) has a wooden delivery and encounters a substantial arc of change that does n't produce any real transformation . ",0
"this is popcorn movie fun with equal doses of action , cheese , ham and cheek ( as well as a serious debt to the road warrior ) , but it feels like unrealized potential ",1
"while it may not add up to the sum of its parts , holofcener 's film offers just enough insight to keep it from being simpleminded , and the ensemble cast is engaging enough to keep you from shifting in your chair too often . ",1
see a movie that takes such a speedy swan dive from `` promising '' to `` interesting '' to `` familiar '' before landing squarely on `` stupid '' ,0
"the story of trouble every day ... is so sketchy it amounts to little more than preliminary notes for a science-fiction horror film , and the movie 's fragmentary narrative style makes piecing the story together frustrating difficult ",0
"assume he had a bad run in the market or a costly divorce , because there is no earthly reason other than money why this distinguished actor would stoop so low . ",0
"engaging filmmaking that should attract upscale audiences hungry for quality and a nostalgic , twisty yarn that will keep them guessing ",1
"`` the dangerous lives of altar boys '' has flaws , but it also has humor and heart and very talented young actors ",1
"we started to wonder if ... some unpaid intern had just typed ` chris rock , ' ` anthony hopkins ' and ` terrorists ' into some univac-like script machine . ",0
"presents this utterly ridiculous shaggy dog story as one of the most creative , energetic and original comedies to hit the screen in years ",1
"'s immensely ambitious , different than anything that 's been done before and amazingly successful in terms of what it 's trying to do ",1
"elling '' manages to do all three quite well , making it one of the year 's most enjoyable releases ",1
"in the real world , an actor this uncharismatically beautiful would have a résumé loaded with credits like `` girl in bar # 3 . '' ",0
"brash , intelligent and erotically perplexing , haneke 's portrait of an upper class austrian society and the suppression of its tucked away demons ",1
"so fiendishly cunning that even the most jaded cinema audiences will leave the auditorium feeling dizzy , confused , and totally disorientated . ",1
"hold dear about cinema , only now it 's begun to split up so that it can do even more damage ",0
"post-september 11 , `` the sum of all fears '' seems more tacky and reprehensible , manipulating our collective fear without bestowing the subject with the intelligence or sincerity it unequivocally deserves . ",0
"the film would have been more enjoyable had the balance shifted in favor of water-bound action over the land-based ` drama , ' but the emphasis on the latter leaves blue crush waterlogged . ",0
"ca n't accuse kung pow for misfiring , since it is exactly what it wants to be : an atrociously , mind-numbingly , indescribably bad movie . ",0
"wonder , hope and magic can never escape the heart of the boy when the right movie comes along , especially if it begins with the name of star wars ",1
"shows crushingly little curiosity about , or is ill-equipped to examine , the interior lives of the characters in his film , much less incorporate them into his narrative . ",0
"want to bang your head on the seat in front of you , at its cluelessness , at its idiocy , at its utterly misplaced earnestness ",0
"the movie runs a good race , one that will have you at the edge of your seat for long stretches . ' ",1
"to note that this film , like the similarly ill-timed antitrust , is easily as bad at a fraction the budget ",0
will make you think twice about what might be going on inside each trailer park you drive past -- even if it chiefly inspires you to drive a little faster . ,1
"a genuinely funny ensemble comedy that also asks its audience -- in a heartwarming , nonjudgmental kind of way -- to consider what we value in our daily lives ",1
i encourage young and old alike to go see this unique and entertaining twist on the classic whale 's tale ,1
"the whole thing feels like a ruse , a tactic to cover up the fact that the picture is constructed around a core of flimsy -- or , worse yet , nonexistent -- ideas . ",0
"must go to grant , who has n't lost a bit of the dry humor that first made audiences on both sides of the atlantic love him ",1
"'s ) quite a bit of heart , as you would expect from the directors of the little mermaid and aladdin ",1
"i never thought i 'd say this , but i 'd much rather watch teens poking their genitals into fruit pies ! ",0
"as exciting as all this exoticism might sound to the typical pax viewer , the rest of us will be lulled into a coma . ",0
"'s a feel-bad ending for a depressing story that throws a bunch of hot-button items in the viewer 's face and asks to be seen as hip , winking social commentary . ",0
something that is so meditative and lyrical about babak payami 's boldly quirky iranian drama secret ballot ... a charming and evoking little ditty that manages to show the gentle and humane side of middle eastern world politics ,1
"transcends its agenda to deliver awe-inspiring , at times sublime , visuals and offer a fascinating glimpse into the subculture of extreme athletes whose derring-do puts the x into the games ",1
combine the paranoid claustrophobia of a submarine movie with the unsettling spookiness of the supernatural -- why did n't hollywood think of this sooner ? ,1
"watching war photographer , you come to believe that nachtwey hates the wars he shows and empathizes with the victims he reveals . ",1
"yes , i suppose it 's lovely that cal works out his issues with his dad and comes to terms with his picture-perfect life -- but world traveler gave me no reason to care , so ",0
an inelegant combination of two unrelated shorts that falls far short of the director 's previous work in terms of both thematic content and narrative strength . ,0
purely enjoyable that you might not even notice it 's a fairly straightforward remake of hollywood comedies such as father of the bride . ,1
"is grand-scale moviemaking for a larger-than-life figure , an artist who has been awarded mythic status in contemporary culture . ",1
mctiernan 's remake may be lighter on its feet -- the sober-minded original was as graceful as a tap-dancing rhino -- but it is just as boring and as obvious ,0
stylized swedish fillm about a modern city where all the religious and civic virtues that hold society in place are in tatters . ,1
"i was feeling this movie until it veered off too far into the exxon zone , and left me behind at the station looking for a return ticket to realism . ",0
( t ) he film is never sure to make a clear point -- even if it seeks to rely on an ambiguous presentation . ,0
"until it goes off the rails in its final 10 or 15 minutes , wendigo , larry fessenden 's spooky new thriller , is a refreshingly smart and newfangled variation on several themes derived from far less sophisticated and knowing horror films . ",1
fessenden 's narrative is just as much about the ownership and redefinition of myth as it is about a domestic unit finding their way to joy . ,1
"thanks in part to interesting cinematic devices ( cool visual backmasking ) , a solid cast , and some wickedly sick and twisted humor ",1
"in truth , it has all the heart of a porno flick ( but none of the sheer lust ) . ",0
"though it lacks the utter authority of a genre gem , there 's a certain robustness to this engaging mix of love and bloodletting . ",1
"like a living-room war of the worlds , gaining most of its unsettling force from the suggested and the unknown ",1
"high drama , disney-style - a wing and a prayer and a hunky has-been pursuing his castle in the sky ",1
"cover up the fact that the picture is constructed around a core of flimsy -- or , worse yet , nonexistent -- ideas ",0
"this picture is murder by numbers , and as easy to be bored by as your abc 's , despite a few whopping shootouts . ",0
to say that this vapid vehicle is downright doltish and uneventful is just as obvious as telling a country skunk that he has severe body odor . ,0
"is the sort of low-grade dreck that usually goes straight to video -- with a lousy script , inept direction , pathetic acting , poorly dubbed dialogue and murky cinematography , complete with visible boom mikes . ",0
"dong never pushes for insights beyond the superficial tensions of the dynamic he 's dissecting , and the film settles too easily along the contours of expectation . ",0
"under a red bridge is a celebration of feminine energy , a tribute to the power of women to heal . ",1
's a bad sign when you 're rooting for the film to hurry up and get to its subjects ' deaths just so the documentary will be over ,0
"that begins as a seven rip-off , only to switch to a mix of the shining , the thing , and any naked teenagers horror flick from the 1980s ",1
sayles has an eye for the ways people of different ethnicities talk to and about others outside the group . ,1
"like smoke signals , the film is also imbued with strong themes of familial ties and spirituality that are powerful and moving without stooping to base melodrama ",1
"like the work of an artist who is simply tired -- of fighting the same fights , of putting the weight of the world on his shoulders , of playing with narrative form ",0
"reminds us how realistically nuanced a robert de niro performance can be when he is not more lucratively engaged in the shameless self-caricature of ` analyze this ' ( 1999 ) and ` analyze that , ' promised ( or threatened ) for later this year ",1
's lost the politics and the social observation and become just another situation romance about a couple of saps stuck in an inarticulate screenplay ,0
"eyre , a native american raised by white parents , manages to infuse the rocky path to sibling reconciliation with flashes of warmth and gentle humor ",1
"while the performances are often engaging , this loose collection of largely improvised numbers would probably have worked better as a one-hour tv documentary . ",0
"a time machine , a journey back to your childhood , when cares melted away in the dark theater , and films had the ability to mesmerize , astonish and entertain ",1
"a thoughtful movie , a movie that is concerned with souls and risk and schemes and the consequences of one 's actions . ",1
's so downbeat and nearly humorless that it becomes a chore to sit through -- despite some first-rate performances by its lead ,0
"that make the most of the large-screen format , before swooping down on a string of exotic locales , scooping the whole world up in a joyous communal festival of rhythm ",1
"ladles on the local flavor with a hugely enjoyable film about changing times , clashing cultures and the pleasures of a well-made pizza ",1
there is a strong directorial stamp on every frame of this stylish film that is able to visualize schizophrenia but is still confident enough to step back and look at the sick character with a sane eye . ,1
"the weird thing about the santa clause 2 , purportedly a children 's movie , is that there is nothing in it to engage children emotionally . ",0
"a tactic to cover up the fact that the picture is constructed around a core of flimsy -- or , worse yet , nonexistent -- ideas ",0
"this is a monumental achievement in practically every facet of inept filmmaking : joyless , idiotic , annoying , heavy-handed , visually atrocious , and often downright creepy . ",0
"jacquot has filmed the opera exactly as the libretto directs , ideally capturing the opera 's drama and lyricism . ",1
"content merely to lionize its title character and exploit his anger - all for easy sanctimony , formulaic thrills and a ham-fisted sermon on the need for national health insurance . ",0
"the world 's political situation seems little different , and ( director phillip ) noyce brings out the allegory with remarkable skill . ",1
skip this turd and pick your nose instead because you 're sure to get more out of the latter experience . ,0
"( soderbergh ) tends to place most of the psychological and philosophical material in italics rather than trust an audience 's intelligence , and he creates an overall sense of brusqueness ",0
"the importance of being earnest , so thick with wit it plays like a reading from bartlett 's familiar quotations ",1
"is too calm and thoughtful for agitprop , and the thinness of its characterizations makes it a failure as straight drama ",0
"goldmember has none of the visual wit of the previous pictures , and it looks as though jay roach directed the film from the back of a taxicab ",0
"is enriched by an imaginatively mixed cast of antic spirits , headed by christopher plummer as the subtlest and most complexly evil uncle ralph i 've ever seen in the many film and stage adaptations of the work ",1
you could easily mistake it for a sketchy work-in-progress that was inexplicably rushed to the megaplexes before its time . ,0
"now as a former gong show addict , i 'll admit it , my only complaint is that we did n't get more re-creations of all those famous moments from the show . ",1
david caesar has stepped into the mainstream of filmmaking with an assurance worthy of international acclaim and with every cinematic tool well under his control -- driven by a natural sense for what works on screen . ,1
"while somewhat less than it might have been , the film is a good one , and you 've got to hand it to director george clooney for biting off such a big job the first time out ",1
you get the impression that writer and director burr steers knows the territory ... but his sense of humor has yet to lose the smug self-satisfaction usually associated with the better private schools . ,0
"the story itself it mostly told through on-camera interviews with several survivors , whose riveting memories are rendered with such clarity that it 's as if it all happened only yesterday . ",1
"not all of the stories work and the ones that do are thin and scattered , but the film works well enough to make it worth watching . ",1
"in the end , the film feels homogenized and a bit contrived , as if we 're looking back at a tattered and ugly past with rose-tinted glasses . ",0
"it 's an entertaining movie , and the effects , boosted to the size of a downtown hotel , will all but take you to outer space . ",1
"by the time it 's done with us , mira nair 's new movie has its audience giddy with the delight of discovery , of having been immersed in a foreign culture only to find that human nature is pretty much the same all over ",1
"nurtures the multi-layers of its characters , allowing us to remember that life 's ultimately a gamble and last orders are to be embraced ",1
"shoot themselves in the feet with cop flick cliches like an oily arms dealer , squad car pile-ups and the requisite screaming captain ",0
"green ruins every single scene he 's in , and the film , while it 's not completely wreaked , is seriously compromised by that . ",0
"just about more stately than any contemporary movie this year ... a true study , a film with a questioning heart ",1
"conveys the passion , creativity , and fearlessness of one of mexico 's most colorful and controversial artists -- a captivating drama that will speak to the nonconformist in us all ",1
like it hot on the hardwood proves once again that a man in drag is not in and of himself funny . ,0
"'s so tedious that it makes you forgive every fake , dishonest , entertaining and , ultimately , more perceptive moment in bridget jones 's diary . ",0
"this nicholas nickleby finds itself in reduced circumstances -- and , also like its hero , it remains brightly optimistic , coming through in the end ",1
"to slovenly life in this self-deprecating , biting and witty feature written by charlie kaufman and his twin brother , donald , and directed by spike jonze ",1
", besides its terrific performances , is fontaine 's willingness to wander into the dark areas of parent-child relationships without flinching . ",1
"i 'm not sure which half of dragonfly is worse : the part where nothing 's happening , or the part where something 's happening ",0
"we started to wonder if ... some unpaid intern had just typed ` chris rock , ' ` anthony hopkins ' and ` terrorists ' into some univac-like script machine ",0
"one feels the dimming of a certain ambition , but in its place a sweetness , clarity and emotional openness that recalls the classics of early italian neorealism . ",1
"making such a tragedy the backdrop to a love story risks trivializing it , though chouraqui no doubt intended the film to affirm love 's power to help people endure almost unimaginable horror . ",1
", director roger kumble seems to have dumped a whole lot of plot in favor of ... outrageous gags . ",0
"it 's tommy 's job to clean the peep booths surrounding her , and after viewing this one , you 'll feel like mopping up , too ",0
with the director taking a hands-off approach when he should have shaped the story to show us why it 's compelling . ,0
threw loads of money at an idea that should 've been so much more even if it was only made for teenage boys and wrestling fans . ,0
"does n't quite do justice to the awfulness of the movie , for that comes through all too painfully in the execution . ",0
"while this one gets off with a good natured warning , future lizard endeavors will need to adhere more closely to the laws of laughter ",0
"birthday girl lucks out with chaplin and kidman , who are capable of anteing up some movie star charisma when they need it to sell us on this twisted love story , but who can also negotiate the movie 's darker turns . ",1
"unlike trey parker , sandler does n't understand that the idea of exploiting molestation for laughs is funny , not actually exploiting it yourself . ",0
"a walk to remember is an inspirational love story , capturing the innocence and idealism of that first encounter . ",1
"could have turned this into an argentine retread of `` iris '' or `` american beauty , '' but instead pulls a little from each film and creates something more beautiful than either of those films . ",1
boyd 's screenplay ( co-written with guardian hack nick davies ) has a florid turn of phrase that owes more to guy ritchie than the bard of avon . ,0
"there 's a scientific law to be discerned here that producers would be well to heed : mediocre movies start to drag as soon as the action speeds up ; when the explosions start , they fall to pieces . ",0
", they are pitted against shimmering cinematography that lends the setting the ethereal beauty of an asian landscape painting . ",1
but it makes for one of the most purely enjoyable and satisfying evenings at the movies i 've had in a while . ,1
"it 's hard to imagine anybody ever being `` in the mood '' to view a movie as harrowing and painful as the grey zone , ",0
is to be viewed and treasured for its extraordinary intelligence and originality as well as its lyrical variations on the game of love ,1
"it 's a hellish , numbing experience to watch , and it does n't offer any insights that have n't been thoroughly debated in the media already , back in the dahmer heyday of the mid - '90s ",0
two signs that m. night shyamalan 's debut feature sucked up all he has to give to the mystic genres of cinema ,0
"even on its own ludicrous terms , the sum of all fears generates little narrative momentum , and invites unflattering comparisons to other installments in the ryan series . ",0
neil burger here succeeded in ... making the mystery of four decades back the springboard for a more immediate mystery in the present ,1
"it is different from others in its genre in that it is does not rely on dumb gags , anatomical humor , or character cliches ; ",1
"to catch the pitch of his poetics , savor the pleasure of his sounds and images , and ponder the historical , philosophical , and ethical issues that intersect with them ",1
"everybody , wan na watch a movie in which a guy dressed as a children 's party clown gets violently gang-raped ? ",0
"the only problem is that , by the end , no one in the audience or the film seems to really care . ",0
"queen of the damned as you might have guessed , makes sorry use of aaliyah in her one and only starring role -- she does little here but point at things that explode into flame . ",0
why paul thomas anderson ever had the inclination to make the most sincere and artful movie in which adam sandler will probably ever appear ,1
", however , having sucked dry the undead action flick formula , blade ii mutates into a gross-out monster movie with effects that are more silly than scary . ",0
"'s a tribute to the actress , and to her inventive director , that the journey is such a mesmerizing one ",1
"aided by a cast that seems to include every top-notch british actor who did not appear in gosford park ( as well as one , ms. mirren , who did ) ",1
"is enriched by an imaginatively mixed cast of antic spirits , headed by christopher plummer as the subtlest and most complexly evil uncle ralph i 've ever seen in the many film and stage adaptations of the work . ",1
"of an artist who is simply tired -- of fighting the same fights , of putting the weight of the world on his shoulders , of playing with narrative form ",0
"4ever has the same sledgehammer appeal as pokemon videos , but it breathes more on the big screen and induces headaches more slowly . ",1
", haynes ( like sirk , but differently ) has transformed the rhetoric of hollywood melodrama into something provocative , rich , and strange . ",1
"( h ) ad i suffered and bled on the hard ground of ia drang , i 'd want something a bit more complex than we were soldiers to be remembered by . ",0
` the château is never quite able to overcome the cultural moat surrounding its ludicrous and contrived plot . ' ,0
"quitting , however , manages just to be depressing , as the lead actor phones in his autobiographical performance . ",0
"the ambiguous welcome extended by iran to the afghani refugees who streamed across its borders , desperate for work and food ",1
"so tedious it makes the silly spy vs. spy film the sum of all fears , starring ben affleck , seem downright hitchcockian ",0
finally have the worthy successor to a better tomorrow and the killer which they have been patiently waiting for . ,1
", lawrence unleashes his trademark misogyny -- er , comedy -- like a human volcano or an overflowing septic tank , ",0
me without you has a bracing truth that 's refreshing after the phoniness of female-bonding pictures like divine secrets of the ya-ya sisterhood . ,1
"that wallace , who wrote gibson 's braveheart as well as the recent pearl harbor , has such an irrepressible passion for sappy situations and dialogue ",0
"a journey spanning nearly three decades of bittersweet camaraderie and history , in which we feel that we truly know what makes holly and marina tick ",1
"with flashbulb editing as cover for the absence of narrative continuity , undisputed is nearly incoherent , an excuse to get to the closing bout ... by which time it 's impossible to care who wins . ",0
"with a tighter editorial process and firmer direction this material could work , especially since the actresses in the lead roles are all more than competent , but as is , personal velocity seems to be idling in neutral . ",0
"beautifully crafted and brutally honest , promises offers an unexpected window into the complexities of the middle east struggle and into the humanity of its people . ",1
"while american adobo has its heart ( and its palate ) in the right place , its brain is a little scattered -- ditsy , even . ",0
"how good it all was , and started doing nothing but reacting to it - feeling a part of its grand locations , thinking urgently as the protagonists struggled , feeling at the mercy of its inventiveness , gasping at its visual delights ",1
"transported into the life of wladyslaw szpilman , who is not only a pianist , but a good human being ",1
"ten little indians meets friday the 13th by way of clean and sober , filmed on the set of carpenter 's the thing and loaded with actors you 're most likely to find on the next inevitable incarnation of the love boat ",0
"fessenden continues to do interesting work , and it would be nice to see what he could make with a decent budget . ",1
"for independence , complete with loads of cgi and bushels of violence , but not a drop of human blood ",0
"like mike is n't going to make box office money that makes michael jordan jealous , but it has some cute moments , funny scenes , and hits the target audience ( young bow wow fans ) - with nothing but net . ",1
"nary an original idea ( or role , or edit , or score , or anything , really ) in sight ",0
throws away the goodwill the first half of his movie generates by orchestrating a finale that is impenetrable and dull ,0
what is almost certainly going to go down as the worst -- and only -- killer website movie of this or any other year ,0
there has been a string of ensemble cast romances recently ... but peter mattei 's love in the time of money sets itself apart by forming a chain of relationships that come full circle to end on a positive ( if tragic ) note . ,1
"a colorful , joyous celebration of life ; a tapestry woven of romance , dancing , singing , and unforgettable characters . ",1
elling and kjell bjarne become symbolic characters whose actions are supposed to relate something about the naïf 's encounter with the world . ,0
"lilo & stitch '' reach the emotion or timelessness of disney 's great past , or even that of more recent successes such as `` mulan '' or `` tarzan ",1
a backhanded ode to female camaraderie penned by a man who has little clue about either the nature of women or of friendship . ,0
the superior plotline is n't quite enough to drag along the dead ( water ) weight of the other . ,0
a spooky yarn of demonic doings on the high seas that works better the less the brain is engaged . ,0
"the new insomnia is a surprisingly faithful remake of its chilly predecessor , and when it does elect to head off in its own direction , it employs changes that fit it well rather than ones that were imposed for the sake of commercial sensibilities . ",1
"feels like the work of an artist who is simply tired -- of fighting the same fights , of putting the weight of the world on his shoulders , of playing with narrative form . ",0
a sometimes incisive and sensitive portrait that is undercut by its awkward structure and a final veering toward melodrama . ,0
... a sour little movie at its core ; an exploration of the emptiness that underlay the relentless gaiety of the 1920 's ... ,0
"their lofty perch , that finally makes sex with strangers , which opens today in the new york metropolitan area , so distasteful ",0
raimi and his team could n't have done any better in bringing the story of spider-man to the big screen . ,1
strained caper movies that 's hardly any fun to watch and begins to vaporize from your memory minutes after it ends ,0
to dupe the viewer into taking it all as very important simply because the movie is ugly to look at and not a hollywood product ,0
"offers an aids subtext , skims over the realities of gay sex , and presents yet another tired old vision of the gay community as an all-inclusive world where uptight , middle class bores like antonia can feel good about themselves ",0
"one of those crass , contrived sequels that not only fails on its own , but makes you second-guess your affection for the original ",0
"heartwarming here relies less on forced air than on petter næss ' delicate , clever direction ... and a wonderful , imaginative script by axel hellstenius . ",1
"writer/director walter hill is in his hypermasculine element here , once again able to inject some real vitality and even art into a pulpy concept that , in many other hands would be completely forgettable . ",1
"unfunny and lacking any sense of commitment to or affection for its characters , the reginald hudlin comedy relies on toilet humor , ethnic slurs . ",0
layer of action man cliché atop wooden dialogue and a shifting tone that falls far short of the peculiarly moral amorality of ( woo 's ) best work ,0
"even though it 's common knowledge that park and his founding partner , yong kang , lost kozmo in the end , you ca n't help but get caught up in the thrill of the company 's astonishing growth . ",1
"weirdly , broomfield has compelling new material but he does n't unveil it until the end , after endless scenes of him wheedling reluctant witnesses and pointing his camera through the smeared windshield of his rental car . ",0
it works its magic with such exuberance and passion that the film 's length becomes a part of its fun . ,1
"a positively thrilling combination of ethnography and all the intrigue , betrayal , deceit and murder of a shakespearean tragedy or a juicy soap opera ",1
"still rapturous after all these years , cinema paradiso stands as one of the great films about movie love . ",1
"demonstrates that werner herzog can still leave us with a sense of wonder at the diverse , marvelously twisted shapes history has taken ",1
"a time machine , a journey back to your childhood , when cares melted away in the dark theater , ",1
"few films have captured the chaos of an urban conflagration with such fury , and audience members will leave feeling as shaken as nesbitt 's cooper looks when the bullets stop flying ",1
"olivier assayas ' elegantly appointed period drama seems , at times , padded with incident in the way of a too-conscientious adaptation ",0
"while parker and co-writer catherine di napoli are faithful to melville 's plotline , they and a fully engaged supporting cast ... have made the old boy 's characters more quick-witted than any english lit major would have thought possible . ",1
( haneke ) steers clear of the sensational and offers instead an unflinching and objective look at a decidedly perverse pathology . ,1
"captures all the longing , anguish and ache , the confusing sexual messages and the wish to be a part of that elusive adult world ",1
"light the candles , bring out the cake and do n't fret about the calories because there 's precious little substance in birthday girl -- ",0
"below casts its spooky net out into the atlantic ocean and spits it back , grizzled and charred , somewhere northwest of the bermuda triangle . ",1
"it 's a treat -- a delightful , witty , improbable romantic comedy with a zippy jazzy score ... grant and bullock make it look as though they are having so much fun ",1
"not only does the thoroughly formulaic film represent totally exemplify middle-of-the-road mainstream , it also represents glossy hollywood at its laziest . ",0
brings to the fore for the gifted but no-nonsense human beings they are and for the still-inestimable contribution they have made to our shared history ,1
attempts to mine laughs from a genre -- the gangster/crime comedy -- that wore out its welcome with audiences several years ago ,0
"ca n't think of a thing to do with these characters except have them run through dark tunnels , fight off various anonymous attackers , and evade elaborate surveillance technologies ",0
"although god is great addresses interesting matters of identity and heritage , it 's hard to shake the feeling that it was intended to be a different kind of film . ",0
"morrissette has performed a difficult task indeed - he 's taken one of the world 's most fascinating stories and made it dull , lifeless , and irritating . ",0
"that rare creature -- an action hero with table manners , and one who proves that elegance is more than tattoo deep ",1
it 's not so much a movie as a joint promotion for the national basketball association and teenaged rap and adolescent poster-boy lil ' bow wow . ,0
"for those of us who respond more strongly to storytelling than computer-generated effects , the new star wars installment has n't escaped the rut dug by the last one . ",0
're content with a clever pseudo-bio that manages to have a good time as it doles out pieces of the famous director 's life ,1
there 's something to be said for a studio-produced film that never bothers to hand viewers a suitcase full of easy answers . ,1
"relies less on forced air than on petter næss ' delicate , clever direction ... and a wonderful , imaginative script by axel hellstenius . ",1
"in painting an unabashedly romantic picture of a nation whose songs spring directly from the lives of the people , the movie exalts the marxian dream of honest working folk , with little to show for their labor , living harmoniously , joined in song . ",1
the hot topics of the plot are relegated to the background -- a welcome step forward from the sally jesse raphael atmosphere of films like philadelphia and american beauty . ,1
"from fighting games , wire fu , horror movies , mystery , james bond , wrestling , sci-fi and anime into one big bloody stew ",1
"seemingly eternal running time to pique your interest , your imagination , your empathy or anything , really , save your disgust and your indifference ",0
"the result puts a human face on derrida , and makes one of the great minds of our times interesting and accessible to people who normally could n't care less . ",1
's fitting that a movie as artificial and soulless as the country bears owes its genesis to an animatronic display at disneyland ,0
"for those of an indulgent , slightly sunbaked and summery mind , sex and lucia may well prove diverting enough . ",1
"solaris is rigid and evasive in ways that soderbergh 's best films , `` erin brockovich , '' `` out of sight '' and `` ocean 's eleven , '' never were . ",1
"a clash between the artificial structure of the story and the more contemporary , naturalistic tone of the film ... ",0
"though filmed partly in canada , paid in full has clever ways of capturing inner-city life during the reagan years . ",1
"this movie may not have the highest production values you 've ever seen , but it 's the work of an artist , one whose view of america , history and the awkwardness of human life is generous and deep . ",1
looks more like a travel-agency video targeted at people who like to ride bikes topless and roll in the mud than a worthwhile glimpse of independent-community guiding lights . ,0
"it has fun with the quirks of family life , but it also treats the subject with fondness and respect ",1
"makes the same mistake as the music industry it criticizes , becoming so slick and watered-down it almost loses what made you love it ",0
"it 's a film that 's destined to win a wide summer audience through word-of-mouth reviews and , not far down the line , to find a place among the studio 's animated classics . ",1
"parochial , accessible to a chosen few , standoffish to everyone else , and smugly suggests a superior moral tone is more important than filmmaking skill ",0
"few films have captured the chaos of an urban conflagration with such fury , and audience members will leave feeling as shaken as nesbitt 's cooper looks when the bullets stop flying . ",1
provides an accessible introduction as well as some intelligent observations on the success of bollywood in the western world . ,1
alternates between deadpan comedy and heartbreaking loneliness and is n't afraid to provoke introspection in both its characters and its audience . ,1
it 's rare that a movie can be as intelligent as this one is in every regard except its storyline ; everything that 's good is ultimately scuttled by a plot that 's just too boring and obvious ,0
"the profoundly devastating events of one year ago and the slow , painful healing process that has followed in their wake ",0
downplays the raunch in favor of gags that rely on the strength of their own cleverness as opposed to the extent of their outrageousness ,1
wastes its time on mood rather than riding with the inherent absurdity of ganesh 's rise up the social ladder . ,0
"the hard-to-predict and absolutely essential chemistry between the down-to-earth bullock and the nonchalant grant proves to be sensational , and everything meshes in this elegant entertainment . ",1
has a spark of life to it -- more than you can say for plenty of movies that flow through the hollywood pipeline without a hitch ,1
"must report that the children of varying ages in my audience never coughed , fidgeted or romped up and down the aisles for bathroom breaks ",1
"a highly spirited , imaginative kid 's movie that broaches neo-augustinian theology : is god stuck in heaven because he 's afraid of his best-known creation ? ",1
photographed and staged by mendes with a series of riveting set pieces the likes of which mainstream audiences have rarely seen ,1
"the bai brothers have taken an small slice of history and opened it up for all of us to understand , and they 've told a nice little story in the process . ",1
", he does all of this , and more , while remaining one of the most savagely hilarious social critics this side of jonathan swift . ",1
fred schepisi 's tale of four englishmen facing the prospect of their own mortality views youthful affluence not as a lost ideal but a starting point . ,1
"you 've already seen city by the sea under a variety of titles , but it 's worth yet another visit . ",1
trying to make head or tail of the story in the hip-hop indie snipes is enough to give you brain strain -- and the pay-off is negligible ,0
"just too bad the screenwriters eventually shoot themselves in the feet with cop flick cliches like an oily arms dealer , squad car pile-ups and the requisite screaming captain ",0
"ca n't accuse kung pow for misfiring , since it is exactly what it wants to be : an atrociously , mind-numbingly , indescribably bad movie ",0
"takes a classic story , casts attractive and talented actors and uses a magnificent landscape to create a feature film that is wickedly fun to watch ",1
"for casting , often resurrecting performers who rarely work in movies now ... and drawing flavorful performances from bland actors ",1
"i never thought i 'd say this , but i 'd much rather watch teens poking their genitals into fruit pies ",0
at once a testament to the divine calling of education and a demonstration of the painstaking process of imparting knowledge . ,1
"fontaine masterfully creates a portrait of two strong men in conflict , inextricably entwined through family history , each seeing himself in the other , neither liking what he sees . ",1
